model,mean_predicted,fraction_won
elo_baseline,0.39874821968807367,0.3950617283950617
elo_baseline,0.4530383376119237,0.49382716049382713
elo_baseline,0.4781696577573756,0.46502057613168724
elo_baseline,0.49833446208737336,0.5329218106995884
elo_baseline,0.5160370500668464,0.5617283950617284
elo_baseline,0.531633263014796,0.5484536082474227
elo_baseline,0.547637858733206,0.5596707818930041
elo_baseline,0.5650923148667307,0.5699588477366255
elo_baseline,0.5906136610815088,0.5720164609053497
elo_baseline,0.6438758494356633,0.6584362139917695
logistic_regression,0.38515008834650233,0.3786008230452675
logistic_regression,0.44992168404134886,0.4773662551440329
logistic_regression,0.48140295616495277,0.5020576131687243
logistic_regression,0.5042587704202784,0.5493827160493827
logistic_regression,0.5246305995455083,0.5082304526748971
logistic_regression,0.544225419862911,0.534020618556701
logistic_regression,0.5649233427160225,0.588477366255144
logistic_regression,0.5876478716536234,0.5699588477366255
logistic_regression,0.6191231258880674,0.565843621399177
logistic_regression,0.6784233553059204,0.6831275720164609
xgboost,0.39334208564257916,0.4053497942386831
xgboost,0.45479603399955687,0.48148148148148145
xgboost,0.48332841252839126,0.4897119341563786
xgboost,0.5060954588798829,0.5370370370370371
xgboost,0.5265670043450815,0.4876543209876543
xgboost,0.5448088713527954,0.5793814432989691
xgboost,0.5652669211964548,0.5534979423868313
xgboost,0.5880278859118866,0.5905349794238683
xgboost,0.615687052776784,0.5802469135802469
xgboost,0.6670541191787877,0.6522633744855967
ensemble,0.38197482833030044,0.38477366255144035
ensemble,0.4426688498268505,0.47530864197530864
ensemble,0.47207079366466564,0.49588477366255146
ensemble,0.4937095814821476,0.5308641975308642
ensemble,0.5124725386422859,0.5164609053497943
ensemble,0.5309616659746479,0.5773195876288659
ensemble,0.5499645629757819,0.5452674897119342
ensemble,0.5713923020748549,0.588477366255144
ensemble,0.6005342056088544,0.551440329218107
ensemble,0.658279712668042,0.691358024691358
skellam_poisson,0.30777513790672234,0.3991769547325103
skellam_poisson,0.3961620772425917,0.4567901234567901
skellam_poisson,0.43995251611641795,0.5288065843621399
skellam_poisson,0.4738453333513393,0.5123456790123457
skellam_poisson,0.5041163267713955,0.522633744855967
skellam_poisson,0.5316289719808792,0.5567010309278351
skellam_poisson,0.560772978341353,0.5576131687242798
skellam_poisson,0.5935540882886553,0.5781893004115226
skellam_poisson,0.6358250098827495,0.5596707818930041
skellam_poisson,0.7174914055830975,0.6851851851851852
