team_id,elo,team_name,abbrev,league,division
158,1582.366788743647,Milwaukee Brewers,MIL,National League,National League Central
119,1566.5019012052949,Los Angeles Dodgers,LAD,National League,National League West
147,1551.7619751090263,New York Yankees,NYY,American League,American League East
112,1542.3064784692394,Chicago Cubs,CHC,National League,National League Central
139,1541.8019121844875,Tampa Bay Rays,TB,American League,American League East
111,1537.8579603383923,Boston Red Sox,BOS,American League,American League East
135,1535.3516837882335,San Diego Padres,SD,National League,National League West
144,1533.6793850803379,Atlanta Braves,ATL,National League,National League East
143,1525.8689592401404,Philadelphia Phillies,PHI,National League,National League East
109,1513.9412571817202,Arizona Diamondbacks,AZ,National League,National League West
114,1511.7604987984757,Cleveland Guardians,CLE,American League,American League Central
116,1508.7557414084204,Detroit Tigers,DET,American League,American League Central
134,1501.0747813840846,Pittsburgh Pirates,PIT,National League,National League Central
145,1499.2029970945837,Chicago White Sox,CWS,American League,American League Central
121,1498.9503052158846,New York Mets,NYM,National League,National League East
110,1498.8790565235454,Baltimore Orioles,BAL,American League,American League East
141,1497.7687239257502,Toronto Blue Jays,TOR,American League,American League East
117,1495.7207807438242,Houston Astros,HOU,American League,American League West
146,1493.6436072013264,Miami Marlins,MIA,National League,National League East
140,1489.1245733455378,Texas Rangers,TEX,American League,American League West
138,1483.2157726287107,St. Louis Cardinals,STL,National League,National League Central
136,1480.6476774315258,Seattle Mariners,SEA,American League,American League West
120,1475.762615119688,Washington Nationals,WSH,National League,National League East
142,1470.9229820943458,Minnesota Twins,MIN,American League,American League Central
113,1466.4391822257717,Cincinnati Reds,CIN,National League,National League Central
137,1464.5790290244704,San Francisco Giants,SF,National League,National League West
118,1463.1238764077807,Kansas City Royals,KC,American League,American League Central
108,1441.5137749557189,Los Angeles Angels,LAA,American League,American League West
133,1425.7713210197737,Athletics,ATH,American League,American League West
115,1401.7044021102588,Colorado Rockies,COL,National League,National League West
