team_id,current_wins,proj_wins,make_playoffs,win_division,first_round_bye,win_pennant,win_world_series,team_name,abbrev,league,division
158,102,102.6568,1.0,1.0,1.0,0.3811,0.2552,Milwaukee Brewers,MIL,National League,National League Central
119,99,99.6218,1.0,1.0,1.0,0.3012,0.1884,Los Angeles Dodgers,LAD,National League,National League West
139,98,98.4966,1.0,1.0,1.0,0.3104,0.1293,Tampa Bay Rays,TB,American League,American League East
147,93,93.598,1.0,0.0,0.0,0.1931,0.0934,New York Yankees,NYY,American League,American League East
114,85,85.5391,1.0,1.0,1.0,0.2204,0.0736,Cleveland Guardians,CLE,American League,American League Central
111,87,87.5169,1.0,0.0,0.0,0.1251,0.0519,Boston Red Sox,BOS,American League,American League East
112,88,88.4831,1.0,0.0,0.0,0.088,0.0471,Chicago Cubs,CHC,National League,National League Central
135,90,90.5586,1.0,0.0,0.0,0.0851,0.0444,San Diego Padres,SD,National League,National League West
144,94,94.5318,1.0,1.0,0.0,0.0841,0.0437,Atlanta Braves,ATL,National League,National League East
143,87,87.5034,0.8917,0.0,0.0,0.0557,0.026,Philadelphia Phillies,PHI,National League,National League East
145,83,83.6569,1.0,0.0,0.0,0.0743,0.0226,Chicago White Sox,CWS,American League,American League Central
117,80,80.5823,0.5364,0.5364,0.0,0.0405,0.0121,Houston Astros,HOU,American League,American League West
140,80,80.5089,0.4636,0.4636,0.0,0.0362,0.0102,Texas Rangers,TEX,American League,American League West
109,86,86.4414,0.1083,0.0,0.0,0.0048,0.0021,Arizona Diamondbacks,AZ,National League,National League West
108,62,62.4272,0.0,0.0,0.0,0.0,0.0,Los Angeles Angels,LAA,American League,American League West
118,68,68.4609,0.0,0.0,0.0,0.0,0.0,Kansas City Royals,KC,American League,American League Central
116,76,76.5387,0.0,0.0,0.0,0.0,0.0,Detroit Tigers,DET,American League,American League Central
115,58,58.3431,0.0,0.0,0.0,0.0,0.0,Colorado Rockies,COL,National League,National League West
113,75,75.4323,0.0,0.0,0.0,0.0,0.0,Cincinnati Reds,CIN,National League,National League Central
110,79,79.402,0.0,0.0,0.0,0.0,0.0,Baltimore Orioles,BAL,American League,American League East
133,64,64.4177,0.0,0.0,0.0,0.0,0.0,Athletics,ATH,American League,American League West
142,76,76.4911,0.0,0.0,0.0,0.0,0.0,Minnesota Twins,MIN,American League,American League Central
134,81,81.4613,0.0,0.0,0.0,0.0,0.0,Pittsburgh Pirates,PIT,National League,National League Central
121,74,74.5129,0.0,0.0,0.0,0.0,0.0,New York Mets,NYM,National League,National League East
146,79,79.4682,0.0,0.0,0.0,0.0,0.0,Miami Marlins,MIA,National League,National League East
137,65,65.3782,0.0,0.0,0.0,0.0,0.0,San Francisco Giants,SF,National League,National League West
138,77,77.3432,0.0,0.0,0.0,0.0,0.0,St. Louis Cardinals,STL,National League,National League Central
136,75,75.5728,0.0,0.0,0.0,0.0,0.0,Seattle Mariners,SEA,American League,American League West
141,78,78.5677,0.0,0.0,0.0,0.0,0.0,Toronto Blue Jays,TOR,American League,American League East
120,76,76.4871,0.0,0.0,0.0,0.0,0.0,Washington Nationals,WSH,National League,National League East
